{
  "total_trades": 51,
  "wins": 28,
  "losses": 23,
  "win_rate": 54.90196078431373,
  "total_profit": -994.4444444444447,
  "roi": -99.44444444444447,
  "balance": 5.555555555555202,
  "initial_balance": 1000.0,
  "open_positions": 0,
  "total_positions": 51
}