{
  "total_trades": 2,
  "wins": 1,
  "losses": 1,
  "win_rate": 50.0,
  "total_profit": -44.44444444444444,
  "roi": -4.444444444444445,
  "balance": 955.5555555555555,
  "initial_balance": 1000.0,
  "open_positions": 0,
  "total_positions": 2
}